name,position,team,bye,site0,rank0,value0,site1,rank1,tier,posrank,value1,diff,Espn top 100,Rotoworld ranked,Rotoworld top 100,Both top,any top,"R top, E not top","R rank, e not top",big diff
A. Rodgers,QB,GB,7,espn,20,37,rotoworld,19,qbT1,qb1,,-1,TRUE,TRUE,TRUE,TRUE,TRUE,0,0,FALSE
A. Luck,QB,IND,10,espn,25,32,rotoworld,20,qbT1,qb2,,-5,TRUE,TRUE,TRUE,TRUE,TRUE,0,0,FALSE
R. Wilson,QB,SEA,9,espn,36,23,rotoworld,39,qbT2,qb3,,3,TRUE,TRUE,TRUE,TRUE,TRUE,0,0,FALSE
P. Manning,QB,DEN,7,espn,38,22,rotoworld,55,qbT2,qb4,,17,TRUE,TRUE,TRUE,TRUE,TRUE,0,0,FALSE
D. Brees,QB,NO,11,espn,43,18,rotoworld,71,qbT3,qb7,,28,TRUE,TRUE,TRUE,TRUE,TRUE,0,0,FALSE
B. Roethlisberger,QB,PIT,11,espn,69,7,rotoworld,60,qbT2,qb5,,-9,TRUE,TRUE,TRUE,TRUE,TRUE,0,0,FALSE
M. Ryan,QB,ATL,10,espn,83,4,rotoworld,68,qbT3,qb6,,-15,TRUE,TRUE,TRUE,TRUE,TRUE,0,0,TRUE
C. Newton,QB,CAR,5,espn,97,2,rotoworld,83,qbT3,qb8,,-14,TRUE,TRUE,TRUE,TRUE,TRUE,0,0,TRUE
T. Romo,QB,DAL,6,espn,112,2,rotoworld,107,qbT4,qb10,,-5,FALSE,TRUE,FALSE,FALSE,FALSE,0,1,FALSE
T. Brady,QB,NE,4,espn,116,2,rotoworld,120,qbT4,qb11,,4,FALSE,TRUE,FALSE,FALSE,FALSE,0,1,FALSE
R. Tannehill,QB,MIA,5,espn,148,1,rotoworld,121,qbT4,qb12,,-27,FALSE,TRUE,FALSE,FALSE,FALSE,0,1,TRUE
E. Manning,QB,NYG,11,espn,150,1,rotoworld,89,qbT4,qb9,,-61,FALSE,TRUE,TRUE,FALSE,TRUE,1,1,TRUE
P. Rivers,QB,SD,10,espn,166,0,rotoworld,128,qbT4,qb13,,-38,FALSE,TRUE,FALSE,FALSE,FALSE,0,1,TRUE
M. Stafford,QB,DET,9,espn,171,0,rotoworld,130,qbT4,qb14,,-41,FALSE,TRUE,FALSE,FALSE,FALSE,0,1,TRUE
C. Kaepernick,QB,SF,10,espn,175,0,rotoworld,152,qbT5,qb18,,-23,FALSE,TRUE,FALSE,FALSE,FALSE,0,1,TRUE
S. Bradford,QB,PHI,8,espn,178,0,rotoworld,138,qbT5,qb15,,-40,FALSE,TRUE,FALSE,FALSE,FALSE,0,1,TRUE
C. Palmer,QB,ARI,9,espn,180,0,rotoworld,168,qbT6,qb20,,-12,FALSE,TRUE,FALSE,FALSE,FALSE,0,1,TRUE
T. Bridgewater,QB,MIN,5,espn,190,0,rotoworld,146,qbT5,qb17,,-44,FALSE,TRUE,FALSE,FALSE,FALSE,0,1,TRUE
J. Cutler,QB,CHI,7,espn,192,0,rotoworld,170,qbT6,qb21,,-22,FALSE,TRUE,FALSE,FALSE,FALSE,0,1,TRUE
N. Foles,QB,STL,6,rotoworld,199,,,,,qb27,,1000,FALSE,FALSE,FALSE,FALSE,FALSE,0,0,FALSE
J. Flacco,QB,BAL,9,espn,200,0,rotoworld,145,qbT5,qb16,,-55,FALSE,TRUE,FALSE,FALSE,FALSE,0,1,TRUE
J. Winston,QB,TB,6,espn,214,0,rotoworld,159,qbT5,qb19,,-55,FALSE,TRUE,FALSE,FALSE,FALSE,0,1,TRUE
A. Smith,QB,KC,9,espn,243,0,rotoworld,184,qbT6,qb24,,-59,FALSE,TRUE,FALSE,FALSE,FALSE,0,1,TRUE
M. Mariota,QB,TEN,4,espn,247,0,rotoworld,182,qbT6,qb23,,-65,FALSE,TRUE,FALSE,FALSE,FALSE,0,1,TRUE
A. Dalton,QB,CIN,7,espn,252,0,rotoworld,172,qbT6,qb22,,-80,FALSE,TRUE,FALSE,FALSE,FALSE,0,1,TRUE
R. Griffin,QB,WAS,8,espn,260,0,rotoworld,195,qbT6,qb25,,-65,FALSE,TRUE,FALSE,FALSE,FALSE,0,1,TRUE
D. Carr,QB,OAK,6,espn,292,0,,,,qb26,,1000,FALSE,FALSE,FALSE,FALSE,FALSE,0,0,FALSE
L. Bell,RB,PIT,11,espn,1,55,rotoworld,2,rbT1,rb2,,1,TRUE,TRUE,TRUE,TRUE,TRUE,0,0,FALSE
E. Lacy,RB,GB,7,espn,2,54,rotoworld,3,rbT1,rb3,,1,TRUE,TRUE,TRUE,TRUE,TRUE,0,0,FALSE
J. Charles,RB,KC,9,espn,3,54,rotoworld,7,rbT2,rb5,,4,TRUE,TRUE,TRUE,TRUE,TRUE,0,0,FALSE
A. Peterson,RB,MIN,5,espn,4,53,rotoworld,8,rbT2,rb6,,4,TRUE,TRUE,TRUE,TRUE,TRUE,0,0,FALSE
M. Lynch,RB,SEA,9,espn,5,52,rotoworld,6,rbT2,rb4,,1,TRUE,TRUE,TRUE,TRUE,TRUE,0,0,FALSE
C. Anderson,RB,DEN,7,espn,7,50,rotoworld,11,rbT2,rb7,,4,TRUE,TRUE,TRUE,TRUE,TRUE,0,0,FALSE
M. Forte,RB,CHI,7,espn,8,49,rotoworld,18,rbT3,rb10,,10,TRUE,TRUE,TRUE,TRUE,TRUE,0,0,FALSE
D. Murray,RB,PHI,8,espn,9,48,rotoworld,1,rbT1,rb1,,-8,TRUE,TRUE,TRUE,TRUE,TRUE,0,0,FALSE
L. McCoy,RB,BUF,8,espn,11,45,rotoworld,17,rbT3,rb9,,6,TRUE,TRUE,TRUE,TRUE,TRUE,0,0,FALSE
J. Hill,RB,CIN,7,espn,14,41,rotoworld,15,rbT3,rb8,,1,TRUE,TRUE,TRUE,TRUE,TRUE,0,0,FALSE
M. Ingram,RB,NO,11,espn,24,32,rotoworld,24,rbT4,rb11,,0,TRUE,TRUE,TRUE,TRUE,TRUE,0,0,FALSE
A. Morris,RB,WAS,8,espn,28,30,rotoworld,41,rbT4,rb17,,13,TRUE,TRUE,TRUE,TRUE,TRUE,0,0,FALSE
L. Miller,RB,MIA,5,espn,29,29,rotoworld,29,rbT4,rb14,,0,TRUE,TRUE,TRUE,TRUE,TRUE,0,0,FALSE
C. Hyde,RB,SF,10,espn,33,26,rotoworld,42,rbT4,rb18,,9,TRUE,TRUE,TRUE,TRUE,TRUE,0,0,FALSE
J. Forsett,RB,BAL,9,espn,34,25,rotoworld,25,rbT4,rb12,,-9,TRUE,TRUE,TRUE,TRUE,TRUE,0,0,FALSE
M. Gordon,RB,SD,10,espn,37,22,rotoworld,38,rbT4,rb16,,1,TRUE,TRUE,TRUE,TRUE,TRUE,0,0,FALSE
J. Stewart,RB,CAR,5,espn,39,21,rotoworld,37,rbT4,rb15,,-2,TRUE,TRUE,TRUE,TRUE,TRUE,0,0,FALSE
F. Gore,RB,IND,10,espn,42,19,rotoworld,28,rbT4,rb13,,-14,TRUE,TRUE,TRUE,TRUE,TRUE,0,0,TRUE
T. Gurley,RB,STL,6,espn,45,17,rotoworld,43,rbT4,rb19,,-2,TRUE,TRUE,TRUE,TRUE,TRUE,0,0,FALSE
J. Bell,RB,DET,9,espn,46,16,rotoworld,64,rbT5,rb27,,18,TRUE,TRUE,TRUE,TRUE,TRUE,0,0,FALSE
L. Murray,RB,OAK,6,espn,48,14,rotoworld,46,rbT4,rb21,,-2,TRUE,TRUE,TRUE,TRUE,TRUE,0,0,FALSE
T. Yeldon,RB,JAC,8,espn,50,12,rotoworld,48,rbT5,rb23,,-2,TRUE,TRUE,TRUE,TRUE,TRUE,0,0,FALSE
J. Randle,RB,DAL,6,espn,51,12,rotoworld,77,rbT6,rb31,,26,TRUE,TRUE,TRUE,TRUE,TRUE,0,0,FALSE
T. Coleman,RB,ATL,10,espn,52,11,rotoworld,54,rbT5,rb25,,2,TRUE,TRUE,TRUE,TRUE,TRUE,0,0,FALSE
A. Ellington,RB,ARI,9,espn,53,11,rotoworld,47,rbT5,rb22,,-6,TRUE,TRUE,TRUE,TRUE,TRUE,0,0,FALSE
G. Bernard,RB,CIN,7,espn,54,10,rotoworld,65,rbT5,rb28,,11,TRUE,TRUE,TRUE,TRUE,TRUE,0,0,FALSE
R. Jennings,RB,NYG,11,espn,55,10,rotoworld,72,rbT5,rb29,,17,TRUE,TRUE,TRUE,TRUE,TRUE,0,0,FALSE
C. Spiller,RB,NO,11,espn,62,8,rotoworld,49,rbT5,rb24,,-13,TRUE,TRUE,TRUE,TRUE,TRUE,0,0,TRUE
L. Blount,RB,NE,4,espn,64,7,rotoworld,56,rbT5,rb26,,-8,TRUE,TRUE,TRUE,TRUE,TRUE,0,0,FALSE
I. Crowell,RB,CLE,11,espn,66,7,rotoworld,79,rbT6,rb32,,13,TRUE,TRUE,TRUE,TRUE,TRUE,0,0,FALSE
C. Ivory,RB,NYJ,5,espn,67,7,rotoworld,87,rbT6,rb35,,20,TRUE,TRUE,TRUE,TRUE,TRUE,0,0,FALSE
R. Mathews,RB,PHI,8,espn,74,5,rotoworld,95,rbT7,rb39,,21,TRUE,TRUE,TRUE,TRUE,TRUE,0,0,FALSE
D. McFadden,RB,DAL,6,espn,78,4,rotoworld,114,rbT8,rb47,,36,TRUE,TRUE,FALSE,FALSE,TRUE,0,0,FALSE
S. Vereen,RB,NYG,11,espn,79,4,rotoworld,80,rbT6,rb33,,1,TRUE,TRUE,TRUE,TRUE,TRUE,0,0,FALSE
T. Mason,RB,STL,6,espn,82,4,rotoworld,96,rbT7,rb40,,14,TRUE,TRUE,TRUE,TRUE,TRUE,0,0,FALSE
D. Martin,RB,TB,6,espn,86,4,rotoworld,86,rbT6,rb34,,0,TRUE,TRUE,TRUE,TRUE,TRUE,0,0,FALSE
A. Blue,RB,HOU,9,espn,89,3,rotoworld,129,rbT8,rb52,,40,TRUE,TRUE,FALSE,FALSE,TRUE,0,0,FALSE
A. Abdullah,RB,DET,9,espn,90,3,rotoworld,75,rbT6,rb30,,-15,TRUE,TRUE,TRUE,TRUE,TRUE,0,0,TRUE
C. Sims,RB,TB,6,espn,91,3,rotoworld,93,rbT6,rb38,,2,TRUE,TRUE,TRUE,TRUE,TRUE,0,0,FALSE
D. Freeman,RB,ATL,10,espn,92,3,rotoworld,90,rbT6,rb37,,-2,TRUE,TRUE,TRUE,TRUE,TRUE,0,0,FALSE
B. Sankey,RB,TEN,4,espn,94,3,rotoworld,97,rbT7,rb41,,3,TRUE,TRUE,TRUE,TRUE,TRUE,0,0,FALSE
A. Foster,RB,HOU,9,espn,95,3,rotoworld,45,rbT4,rb20,,-50,TRUE,TRUE,TRUE,TRUE,TRUE,0,0,TRUE
D. Johnson,RB,CLE,11,espn,98,2,rotoworld,131,rbT8,rb53,,33,TRUE,TRUE,FALSE,FALSE,TRUE,0,0,FALSE
A. Williams,RB,NYG,11,espn,100,2,rotoworld,108,rbT8,rb45,,8,FALSE,TRUE,FALSE,FALSE,FALSE,0,1,FALSE
L. Taliaferro,RB,BAL,9,espn,101,2,,,,,,1000,FALSE,FALSE,FALSE,FALSE,FALSE,0,0,FALSE
F. Jackson,RB,BUF,8,espn,102,2,rotoworld,106,rbT8,rb44,,4,FALSE,TRUE,FALSE,FALSE,FALSE,0,1,FALSE
M. Ball,RB,DEN,7,espn,103,2,rotoworld,153,rbT8,rb61,,50,FALSE,TRUE,FALSE,FALSE,FALSE,0,1,FALSE
D. Williams,RB,PIT,11,espn,106,2,rotoworld,149,rbT8,rb59,,43,FALSE,TRUE,FALSE,FALSE,FALSE,0,1,FALSE
K. Davis,RB,KC,9,espn,109,2,rotoworld,104,rbT7,rb43,,-5,FALSE,TRUE,FALSE,FALSE,FALSE,0,1,FALSE
T. Riddick,RB,DET,9,espn,110,2,rotoworld,169,rbT8,rb64,,59,FALSE,TRUE,FALSE,FALSE,FALSE,0,1,FALSE
D. Robinson,RB,JAC,8,espn,117,2,rotoworld,150,rbT8,rb60,,33,FALSE,TRUE,FALSE,FALSE,FALSE,0,1,FALSE
J. McKinnon,RB,MIN,5,espn,121,2,rotoworld,122,rbT8,rb50,,1,FALSE,TRUE,FALSE,FALSE,FALSE,0,1,FALSE
T. West,RB,CLE,11,espn,122,2,rotoworld,147,rbT8,rb58,,25,FALSE,TRUE,FALSE,FALSE,FALSE,0,1,FALSE
R. Bush,RB,SF,10,espn,123,2,rotoworld,98,rbT7,rb42,,-25,FALSE,TRUE,TRUE,FALSE,TRUE,1,1,TRUE
D. Cobb,RB,TEN,4,espn,124,2,rotoworld,88,rbT6,rb36,,-36,FALSE,TRUE,TRUE,FALSE,TRUE,1,1,TRUE
J. Ajayi,RB,MIA,5,espn,127,2,rotoworld,186,rbT9,rb66,,59,FALSE,TRUE,FALSE,FALSE,FALSE,0,1,FALSE
D. Sproles,RB,PHI,8,espn,130,2,rotoworld,117,rbT8,rb49,,-13,FALSE,TRUE,FALSE,FALSE,FALSE,0,1,TRUE
D. Woodhead,RB,SD,10,espn,134,1,rotoworld,113,rbT8,rb46,,-21,FALSE,TRUE,FALSE,FALSE,FALSE,0,1,TRUE
D. Johnson,RB,ARI,9,espn,136,1,rotoworld,115,rbT8,rb48,,-21,FALSE,TRUE,FALSE,FALSE,FALSE,0,1,TRUE
J. Gray,RB,NE,4,espn,137,1,,,,,,1000,FALSE,FALSE,FALSE,FALSE,FALSE,0,0,FALSE
J. White,RB,NE,4,espn,144,1,rotoworld,125,rbT8,rb51,,-19,FALSE,TRUE,FALSE,FALSE,FALSE,0,1,TRUE
D. Herron,RB,IND,10,espn,146,1,rotoworld,142,rbT8,rb56,,-4,FALSE,TRUE,FALSE,FALSE,FALSE,0,1,FALSE
K. Robinson,RB,NO,11,espn,161,0,rotoworld,173,rbT8,rb65,,12,FALSE,TRUE,FALSE,FALSE,FALSE,0,1,FALSE
R. Helu,RB,OAK,6,espn,162,0,rotoworld,134,rbT8,rb55,,-28,FALSE,TRUE,FALSE,FALSE,FALSE,0,1,TRUE
S. Ridley,RB,NYJ,5,espn,164,0,rotoworld,162,rbT8,rb62,,-2,FALSE,TRUE,FALSE,FALSE,FALSE,0,1,FALSE
C. Artis-Payne,RB,CAR,5,espn,167,0,,,,,,1000,FALSE,FALSE,FALSE,FALSE,FALSE,0,0,FALSE
M. Jones,RB,WAS,8,espn,169,0,,,,,,1000,FALSE,FALSE,FALSE,FALSE,FALSE,0,0,FALSE
B. Oliver,RB,SD,10,espn,170,0,,,,,,1000,FALSE,FALSE,FALSE,FALSE,FALSE,0,0,FALSE
D. Brown,RB,SD,10,espn,173,0,,,,,,1000,FALSE,FALSE,FALSE,FALSE,FALSE,0,0,FALSE
C. Michael,RB,SEA,9,espn,176,0,,,,,,1000,FALSE,FALSE,FALSE,FALSE,FALSE,0,0,FALSE
J. Langford,RB,CHI,7,espn,179,0,,,,,,1000,FALSE,FALSE,FALSE,FALSE,FALSE,0,0,FALSE
B. Allen,RB,BAL,9,espn,181,0,rotoworld,165,rbT8,rb63,,-16,FALSE,TRUE,FALSE,FALSE,FALSE,0,1,TRUE
D. Williams,RB,MIA,5,espn,184,0,,,,,,1000,FALSE,FALSE,FALSE,FALSE,FALSE,0,0,FALSE
R. Turbin,RB,SEA,9,espn,193,0,,,,,,1000,FALSE,FALSE,FALSE,FALSE,FALSE,0,0,FALSE
J. Starks,RB,GB,7,espn,198,0,rotoworld,187,rbT9,rb67,,-11,FALSE,TRUE,FALSE,FALSE,FALSE,0,1,TRUE
T. Richardson,RB,OAK,6,espn,203,0,,,,,,1000,FALSE,FALSE,FALSE,FALSE,FALSE,0,0,FALSE
C. Polk,RB,HOU,9,espn,205,0,rotoworld,133,rbT8,rb54,,-72,FALSE,TRUE,FALSE,FALSE,FALSE,0,1,TRUE
T. Cadet,RB,NE,4,espn,208,0,,,,,,1000,FALSE,FALSE,FALSE,FALSE,FALSE,0,0,FALSE
M. Davis,RB,SF,10,espn,209,0,,,,,,1000,FALSE,FALSE,FALSE,FALSE,FALSE,0,0,FALSE
R. Hillman,RB,DEN,7,espn,210,0,rotoworld,189,rbT9,rb68,,-21,FALSE,TRUE,FALSE,FALSE,FALSE,0,1,TRUE
Z. Stacy,RB,NYJ,5,espn,211,0,,,,,,1000,FALSE,FALSE,FALSE,FALSE,FALSE,0,0,FALSE
T. Gerhart,RB,JAC,8,espn,212,0,,,,,,1000,FALSE,FALSE,FALSE,FALSE,FALSE,0,0,FALSE
P. Thomas,RB,FA,--,espn,216,0,,,,,,1000,FALSE,FALSE,FALSE,FALSE,FALSE,0,0,FALSE
C. Johnson,RB,FA,--,espn,218,0,,,,,,1000,FALSE,FALSE,FALSE,FALSE,FALSE,0,0,FALSE
A. Bradshaw,RB,FA,--,espn,227,0,,,,,,1000,FALSE,FALSE,FALSE,FALSE,FALSE,0,0,FALSE
M. Asiata,RB,MIN,5,espn,230,0,,,,,,1000,FALSE,FALSE,FALSE,FALSE,FALSE,0,0,FALSE
A. Smith,RB,ATL,10,espn,231,0,,,,,,1000,FALSE,FALSE,FALSE,FALSE,FALSE,0,0,FALSE
K. Carey,RB,CHI,7,espn,235,0,,,,,,1000,FALSE,FALSE,FALSE,FALSE,FALSE,0,0,FALSE
L. Dunbar,RB,DAL,6,espn,240,0,rotoworld,143,rbT8,rb57,,-97,FALSE,TRUE,FALSE,FALSE,FALSE,0,1,TRUE
J. Rodgers,RB,CHI,7,espn,241,0,,,,,,1000,FALSE,FALSE,FALSE,FALSE,FALSE,0,0,FALSE
K. Hunter,RB,SF,10,espn,244,0,,,,,,1000,FALSE,FALSE,FALSE,FALSE,FALSE,0,0,FALSE
B. Rainey,RB,TB,6,espn,245,0,,,,,,1000,FALSE,FALSE,FALSE,FALSE,FALSE,0,0,FALSE
B. Pierce,RB,JAC,8,espn,248,0,,,,,,1000,FALSE,FALSE,FALSE,FALSE,FALSE,0,0,FALSE
J. Todman,RB,CAR,5,espn,249,0,,,,,,1000,FALSE,FALSE,FALSE,FALSE,FALSE,0,0,FALSE
J. Robinson,RB,IND,10,espn,251,0,,,,,,1000,FALSE,FALSE,FALSE,FALSE,FALSE,0,0,FALSE
B. Powell,RB,NYJ,5,espn,258,0,,,,,,1000,FALSE,FALSE,FALSE,FALSE,FALSE,0,0,FALSE
B. Bolden,RB,NE,4,espn,259,0,,,,,,1000,FALSE,FALSE,FALSE,FALSE,FALSE,0,0,FALSE
J. Grimes,RB,HOU,9,espn,261,0,,,,,,1000,FALSE,FALSE,FALSE,FALSE,FALSE,0,0,FALSE
B. Dixon,RB,BUF,8,espn,263,0,,,,,,1000,FALSE,FALSE,FALSE,FALSE,FALSE,0,0,FALSE
T. Gaffney,RB,NE,4,espn,264,0,,,,,,1000,FALSE,FALSE,FALSE,FALSE,FALSE,0,0,FALSE
B. Cunningham,RB,STL,6,espn,266,0,,,,,,1000,FALSE,FALSE,FALSE,FALSE,FALSE,0,0,FALSE
B. Brown,RB,BUF,8,espn,268,0,,,,,,1000,FALSE,FALSE,FALSE,FALSE,FALSE,0,0,FALSE
D. Thomas,RB,KC,9,espn,271,0,,,,,,1000,FALSE,FALSE,FALSE,FALSE,FALSE,0,0,FALSE
D. McCluster,RB,TEN,4,espn,276,0,,,,,,1000,FALSE,FALSE,FALSE,FALSE,FALSE,0,0,FALSE
M. Tolbert,RB,CAR,5,espn,281,0,,,,,,1000,FALSE,FALSE,FALSE,FALSE,FALSE,0,0,FALSE
M. Reece,RB,OAK,6,espn,283,0,,,,,,1000,FALSE,FALSE,FALSE,FALSE,FALSE,0,0,FALSE
S. Johnson,RB,JAC,8,espn,288,0,,,,,,1000,FALSE,FALSE,FALSE,FALSE,FALSE,0,0,FALSE
C. Thompson,RB,WAS,8,espn,289,0,,,,,,1000,FALSE,FALSE,FALSE,FALSE,FALSE,0,0,FALSE
K. Williams,RB,ARI,9,espn,290,0,,,,,,1000,FALSE,FALSE,FALSE,FALSE,FALSE,0,0,FALSE
K. Williams,RB,BUF,8,espn,294,0,,,,,,1000,FALSE,FALSE,FALSE,FALSE,FALSE,0,0,FALSE
S. Redd,RB,WAS,8,espn,296,0,,,,,,1000,FALSE,FALSE,FALSE,FALSE,FALSE,0,0,FALSE
S. Taylor,RB,ARI,9,espn,299,0,,,,,,1000,FALSE,FALSE,FALSE,FALSE,FALSE,0,0,FALSE
J. Harris,RB,PIT,11,espn,300,0,,,,,,1000,FALSE,FALSE,FALSE,FALSE,FALSE,0,0,FALSE
R. Gronkowski,TE,NE,4,espn,12,43,rotoworld,9,teT1,te1,,-3,TRUE,TRUE,TRUE,TRUE,TRUE,0,0,FALSE
J. Graham,TE,SEA,9,espn,32,27,rotoworld,30,teT2,te2,,-2,TRUE,TRUE,TRUE,TRUE,TRUE,0,0,FALSE
G. Olsen,TE,CAR,5,espn,63,7,rotoworld,62,teT3,te4,,-1,TRUE,TRUE,TRUE,TRUE,TRUE,0,0,FALSE
T. Kelce,TE,KC,9,espn,70,6,rotoworld,40,teT2,te3,,-30,TRUE,TRUE,TRUE,TRUE,TRUE,0,0,TRUE
M. Bennett,TE,CHI,7,espn,76,5,rotoworld,63,teT3,te5,,-13,TRUE,TRUE,TRUE,TRUE,TRUE,0,0,TRUE
J. Thomas,TE,JAC,8,espn,81,4,rotoworld,94,teT4,te7,,13,TRUE,TRUE,TRUE,TRUE,TRUE,0,0,FALSE
J. Witten,TE,DAL,6,espn,87,3,rotoworld,100,teT4,te9,,13,TRUE,TRUE,FALSE,FALSE,TRUE,0,0,FALSE
Z. Ertz,TE,PHI,8,espn,111,2,rotoworld,91,teT4,te6,,-20,FALSE,TRUE,TRUE,FALSE,TRUE,1,1,TRUE
D. Allen,TE,IND,10,espn,115,2,rotoworld,118,teT5,te12,,3,FALSE,TRUE,FALSE,FALSE,FALSE,0,1,FALSE
J. Cameron,TE,MIA,5,espn,120,2,rotoworld,99,teT4,te8,,-21,FALSE,TRUE,TRUE,FALSE,TRUE,1,1,TRUE
D. Walker,TE,TEN,4,espn,145,1,rotoworld,139,teT5,te15,,-6,FALSE,TRUE,FALSE,FALSE,FALSE,0,1,FALSE
A. Gates,TE,SD,10,espn,172,0,rotoworld,103,teT5,te10,,-69,FALSE,TRUE,FALSE,FALSE,FALSE,0,1,TRUE
J. Hill,TE,NO,11,espn,182,0,rotoworld,157,teT5,te19,,-25,FALSE,TRUE,FALSE,FALSE,FALSE,0,1,TRUE
V. Green,TE,DEN,7,rotoworld,192,,,,,,,1000,FALSE,FALSE,FALSE,FALSE,FALSE,0,0,FALSE
L. Donnell,TE,NYG,11,espn,194,0,rotoworld,116,teT5,te11,,-78,FALSE,TRUE,FALSE,FALSE,FALSE,0,1,TRUE
O. Daniels,TE,DEN,7,espn,196,0,rotoworld,163,teT6,te22,,-33,FALSE,TRUE,FALSE,FALSE,FALSE,0,1,TRUE
J. Reed,TE,WAS,8,espn,204,0,rotoworld,141,teT5,te16,,-63,FALSE,TRUE,FALSE,FALSE,FALSE,0,1,TRUE
A. Seferian-Jenkins,TE,TB,6,espn,213,0,rotoworld,137,teT5,te14,,-76,FALSE,TRUE,FALSE,FALSE,FALSE,0,1,TRUE
K. Rudolph,TE,MIN,5,espn,215,0,rotoworld,151,teT5,te18,,-64,FALSE,TRUE,FALSE,FALSE,FALSE,0,1,TRUE
H. Miller,TE,PIT,11,espn,219,0,rotoworld,158,teT6,te20,,-61,FALSE,TRUE,FALSE,FALSE,FALSE,0,1,TRUE
C. Clay,TE,BUF,8,espn,242,0,rotoworld,161,teT6,te21,,-81,FALSE,TRUE,FALSE,FALSE,FALSE,0,1,TRUE
C. Fleener,TE,IND,10,espn,250,0,rotoworld,144,teT5,te17,,-106,FALSE,TRUE,FALSE,FALSE,FALSE,0,1,TRUE
E. Ebron,TE,DET,9,espn,272,0,,,,,,1000,FALSE,FALSE,FALSE,FALSE,FALSE,0,0,FALSE
T. Eifert,TE,CIN,7,espn,273,0,rotoworld,132,teT5,te13,,-141,FALSE,TRUE,FALSE,FALSE,FALSE,0,1,TRUE
J. Amaro,TE,NYJ,5,espn,277,0,,,,,,1000,FALSE,FALSE,FALSE,FALSE,FALSE,0,0,FALSE
M. Williams,TE,BAL,9,espn,278,0,,,,,,1000,FALSE,FALSE,FALSE,FALSE,FALSE,0,0,FALSE
V. Davis,TE,SF,10,espn,291,0,rotoworld,178,teT6,te23,,-113,FALSE,TRUE,FALSE,FALSE,FALSE,0,1,TRUE
R. Rodgers,TE,GB,7,espn,297,0,,,,,,1000,FALSE,FALSE,FALSE,FALSE,FALSE,0,0,FALSE
A. Brown,WR,PIT,11,espn,6,51,rotoworld,5,wrT1,wr2,,-1,TRUE,TRUE,TRUE,TRUE,TRUE,0,0,FALSE
J. Nelson,WR,GB,7,espn,16,39,rotoworld,21,wrT2,wr8,,5,TRUE,TRUE,TRUE,TRUE,TRUE,0,0,FALSE
D. Thomas,WR,DEN,7,espn,10,47,rotoworld,10,wrT1,wr3,,0,TRUE,TRUE,TRUE,TRUE,TRUE,0,0,FALSE
D. Bryant,WR,DAL,6,espn,13,42,rotoworld,4,wrT1,wr1,,-9,TRUE,TRUE,TRUE,TRUE,TRUE,0,0,FALSE
O. Beckham,WR,NYG,11,espn,15,40,rotoworld,13,wrT1,wr5,,-2,TRUE,TRUE,TRUE,TRUE,TRUE,0,0,FALSE
J. Jones,WR,ATL,10,espn,17,38,rotoworld,12,wrT1,wr4,,-5,TRUE,TRUE,TRUE,TRUE,TRUE,0,0,FALSE
C. Johnson,WR,DET,9,espn,18,37,rotoworld,14,wrT2,wr6,,-4,TRUE,TRUE,TRUE,TRUE,TRUE,0,0,FALSE
A. Green,WR,CIN,7,espn,19,37,rotoworld,16,wrT2,wr7,,-3,TRUE,TRUE,TRUE,TRUE,TRUE,0,0,FALSE
A. Jeffery,WR,CHI,7,espn,21,36,rotoworld,26,wrT2,wr11,,5,TRUE,TRUE,TRUE,TRUE,TRUE,0,0,FALSE
R. Cobb,WR,GB,7,espn,22,34,rotoworld,27,wrT2,wr12,,5,TRUE,TRUE,TRUE,TRUE,TRUE,0,0,FALSE
T. Hilton,WR,IND,10,espn,23,33,rotoworld,23,wrT2,wr10,,0,TRUE,TRUE,TRUE,TRUE,TRUE,0,0,FALSE
M. Evans,WR,TB,6,espn,26,31,rotoworld,22,wrT2,wr9,,-4,TRUE,TRUE,TRUE,TRUE,TRUE,0,0,FALSE
E. Sanders,WR,DEN,7,espn,27,30,rotoworld,33,wrT3,wr15,,6,TRUE,TRUE,TRUE,TRUE,TRUE,0,0,FALSE
K. Benjamin,WR,CAR,5,espn,30,29,rotoworld,32,wrT3,wr14,,2,TRUE,TRUE,TRUE,TRUE,TRUE,0,0,FALSE
D. Hopkins,WR,HOU,9,espn,31,28,rotoworld,31,wrT3,wr13,,0,TRUE,TRUE,TRUE,TRUE,TRUE,0,0,FALSE
B. Cooks,WR,NO,11,espn,35,24,rotoworld,35,wrT3,wr17,,0,TRUE,TRUE,TRUE,TRUE,TRUE,0,0,FALSE
J. Matthews,WR,PHI,8,espn,40,20,rotoworld,34,wrT3,wr16,,-6,TRUE,TRUE,TRUE,TRUE,TRUE,0,0,FALSE
J. Edelman,WR,NE,4,espn,41,20,rotoworld,44,wrT4,wr19,,3,TRUE,TRUE,TRUE,TRUE,TRUE,0,0,FALSE
S. Watkins,WR,BUF,8,espn,44,17,rotoworld,57,wrT5,wr24,,13,TRUE,TRUE,TRUE,TRUE,TRUE,0,0,FALSE
K. Allen,WR,SD,10,espn,47,15,rotoworld,51,wrT4,wr21,,4,TRUE,TRUE,TRUE,TRUE,TRUE,0,0,FALSE
D. Jackson,WR,WAS,8,espn,49,13,rotoworld,50,wrT4,wr20,,1,TRUE,TRUE,TRUE,TRUE,TRUE,0,0,FALSE
V. Jackson,WR,TB,6,espn,56,10,rotoworld,76,wrT6,wr34,,20,TRUE,TRUE,TRUE,TRUE,TRUE,0,0,FALSE
A. Cooper,WR,OAK,6,espn,57,10,rotoworld,61,wrT5,wr27,,4,TRUE,TRUE,TRUE,TRUE,TRUE,0,0,FALSE
G. Tate,WR,DET,9,espn,58,9,rotoworld,58,wrT5,wr25,,0,TRUE,TRUE,TRUE,TRUE,TRUE,0,0,FALSE
A. Johnson,WR,IND,10,espn,59,9,rotoworld,36,wrT3,wr18,,-23,TRUE,TRUE,TRUE,TRUE,TRUE,0,0,TRUE
B. Marshall,WR,NYJ,5,espn,60,9,rotoworld,53,wrT5,wr23,,-7,TRUE,TRUE,TRUE,TRUE,TRUE,0,0,FALSE
M. Wallace,WR,MIN,5,espn,61,8,rotoworld,82,wrT6,wr37,,21,TRUE,TRUE,TRUE,TRUE,TRUE,0,0,FALSE
J. Maclin,WR,KC,9,espn,65,7,rotoworld,59,wrT5,wr26,,-6,TRUE,TRUE,TRUE,TRUE,TRUE,0,0,FALSE
J. Landry,WR,MIA,5,espn,68,7,rotoworld,73,wrT6,wr32,,5,TRUE,TRUE,TRUE,TRUE,TRUE,0,0,FALSE
A. Robinson,WR,JAC,8,espn,71,6,rotoworld,69,wrT6,wr30,,-2,TRUE,TRUE,TRUE,TRUE,TRUE,0,0,FALSE
E. Decker,WR,NYJ,5,espn,72,6,rotoworld,74,wrT6,wr33,,2,TRUE,TRUE,TRUE,TRUE,TRUE,0,0,FALSE
K. White,WR,CHI,7,espn,73,6,,,,,,1000,TRUE,FALSE,FALSE,FALSE,TRUE,0,0,FALSE
B. LaFell,WR,NE,4,espn,75,5,rotoworld,84,wrT6,wr38,,9,TRUE,TRUE,TRUE,TRUE,TRUE,0,0,FALSE
N. Agholor,WR,PHI,8,espn,77,5,rotoworld,66,wrT5,wr28,,-11,TRUE,TRUE,TRUE,TRUE,TRUE,0,0,TRUE
R. White,WR,ATL,10,espn,80,4,rotoworld,85,wrT6,wr39,,5,TRUE,TRUE,TRUE,TRUE,TRUE,0,0,FALSE
M. Bryant,WR,PIT,11,espn,84,4,rotoworld,52,wrT4,wr22,,-32,TRUE,TRUE,TRUE,TRUE,TRUE,0,0,TRUE
T. Smith,WR,SF,10,espn,85,4,rotoworld,81,wrT6,wr36,,-4,TRUE,TRUE,TRUE,TRUE,TRUE,0,0,FALSE
B. Perriman,WR,BAL,9,espn,88,3,rotoworld,70,wrT6,wr31,,-18,TRUE,TRUE,TRUE,TRUE,TRUE,0,0,TRUE
M. Floyd,WR,ARI,9,espn,93,3,rotoworld,78,wrT6,wr35,,-15,TRUE,TRUE,TRUE,TRUE,TRUE,0,0,TRUE
C. Johnson,WR,MIN,5,espn,96,2,rotoworld,67,wrT5,wr29,,-29,TRUE,TRUE,TRUE,TRUE,TRUE,0,0,TRUE
L. Fitzgerald,WR,ARI,9,espn,99,2,rotoworld,111,wrT7,wr46,,12,TRUE,TRUE,FALSE,FALSE,TRUE,0,0,FALSE
M. Colston,WR,NO,11,espn,104,2,rotoworld,112,wrT7,wr47,,8,FALSE,TRUE,FALSE,FALSE,FALSE,0,1,FALSE
P. Harvin,WR,BUF,8,espn,105,2,rotoworld,156,wrT8,wr59,,51,FALSE,TRUE,FALSE,FALSE,FALSE,0,1,FALSE
K. Wright,WR,TEN,4,espn,107,2,rotoworld,109,wrT7,wr44,,2,FALSE,TRUE,FALSE,FALSE,FALSE,0,1,FALSE
S. Smith,WR,BAL,9,espn,108,2,rotoworld,102,wrT7,wr42,,-6,FALSE,TRUE,FALSE,FALSE,FALSE,0,1,FALSE
A. Boldin,WR,SF,10,espn,113,2,rotoworld,92,wrT7,wr40,,-21,FALSE,TRUE,TRUE,FALSE,TRUE,1,1,TRUE
J. Brown,WR,ARI,9,espn,114,2,rotoworld,110,wrT7,wr45,,-4,FALSE,TRUE,FALSE,FALSE,FALSE,0,1,FALSE
D. Adams,WR,GB,7,espn,118,2,rotoworld,124,wrT8,wr50,,6,FALSE,TRUE,FALSE,FALSE,FALSE,0,1,FALSE
D. Parker,WR,MIA,5,espn,119,2,rotoworld,126,wrT8,wr51,,7,FALSE,TRUE,FALSE,FALSE,FALSE,0,1,FALSE
C. Latimer,WR,DEN,7,espn,125,2,rotoworld,167,wrT8,wr61,,42,FALSE,TRUE,FALSE,FALSE,FALSE,0,1,FALSE
D. Moncrief,WR,IND,10,espn,129,2,rotoworld,177,wrT8,wr63,,48,FALSE,TRUE,FALSE,FALSE,FALSE,0,1,FALSE
V. Cruz,WR,NYG,11,espn,131,1,rotoworld,135,wrT8,wr53,,4,FALSE,TRUE,FALSE,FALSE,FALSE,0,1,FALSE
P. Garcon,WR,WAS,8,espn,135,1,rotoworld,119,wrT8,wr48,,-16,FALSE,TRUE,FALSE,FALSE,FALSE,0,1,TRUE
M. Floyd,WR,SD,10,espn,138,1,rotoworld,179,wrT8,wr64,,41,FALSE,TRUE,FALSE,FALSE,FALSE,0,1,FALSE
D. Baldwin,WR,SEA,9,espn,149,1,rotoworld,154,wrT8,wr57,,5,FALSE,TRUE,FALSE,FALSE,FALSE,0,1,FALSE
D. Green-Beckham,WR,TEN,4,espn,163,0,rotoworld,166,wrT8,wr60,,3,FALSE,TRUE,FALSE,FALSE,FALSE,0,1,FALSE
B. Quick,WR,STL,6,espn,165,0,rotoworld,101,wrT7,wr41,,-64,FALSE,TRUE,FALSE,FALSE,FALSE,0,1,TRUE
T. Williams,WR,DAL,6,espn,168,0,rotoworld,123,wrT8,wr49,,-45,FALSE,TRUE,FALSE,FALSE,FALSE,0,1,TRUE
M. Lee,WR,JAC,8,espn,174,0,rotoworld,174,wrT8,wr62,,0,FALSE,TRUE,FALSE,FALSE,FALSE,0,1,FALSE
M. Jones,WR,CIN,7,espn,177,0,rotoworld,155,wrT8,wr58,,-22,FALSE,TRUE,FALSE,FALSE,FALSE,0,1,TRUE
J. Strong,WR,HOU,9,espn,183,0,,,,,,1000,FALSE,FALSE,FALSE,FALSE,FALSE,0,0,FALSE
K. Stills,WR,MIA,5,espn,185,0,rotoworld,105,wrT7,wr43,,-80,FALSE,TRUE,FALSE,FALSE,FALSE,0,1,TRUE
T. Lockett,WR,SEA,9,espn,186,0,,,,,,1000,FALSE,FALSE,FALSE,FALSE,FALSE,0,0,FALSE
D. Funchess,WR,CAR,5,espn,195,0,rotoworld,148,wrT8,wr56,,-47,FALSE,TRUE,FALSE,FALSE,FALSE,0,1,TRUE
R. Randle,WR,NYG,11,espn,197,0,rotoworld,136,wrT8,wr54,,-61,FALSE,TRUE,FALSE,FALSE,FALSE,0,1,TRUE
M. Crabtree,WR,OAK,6,espn,199,0,,,,,,1000,FALSE,FALSE,FALSE,FALSE,FALSE,0,0,FALSE
B. Coleman,WR,NO,11,espn,201,0,,,,,,1000,FALSE,FALSE,FALSE,FALSE,FALSE,0,0,FALSE
N. Toon,WR,NO,11,espn,202,0,,,,,,1000,FALSE,FALSE,FALSE,FALSE,FALSE,0,0,FALSE
D. Bowe,WR,CLE,11,espn,206,0,rotoworld,127,wrT8,wr52,,-79,FALSE,TRUE,FALSE,FALSE,FALSE,0,1,TRUE
M. Wheaton,WR,PIT,11,espn,207,0,,,,,,1000,FALSE,FALSE,FALSE,FALSE,FALSE,0,0,FALSE
K. Britt,WR,STL,6,espn,217,0,,,,,,1000,FALSE,FALSE,FALSE,FALSE,FALSE,0,0,FALSE
D. Smith,WR,NYJ,5,espn,224,0,,,,,,1000,FALSE,FALSE,FALSE,FALSE,FALSE,0,0,FALSE
P. Dorsett,WR,IND,10,espn,225,0,,,,,,1000,FALSE,FALSE,FALSE,FALSE,FALSE,0,0,FALSE
S. Johnson,WR,SD,10,espn,226,0,rotoworld,190,wrT8,wr65,,-36,FALSE,TRUE,FALSE,FALSE,FALSE,0,1,TRUE
J. Hunter,WR,TEN,4,espn,228,0,,,,,,1000,FALSE,FALSE,FALSE,FALSE,FALSE,0,0,FALSE
S. Coates,WR,PIT,11,espn,229,0,,,,,,1000,FALSE,FALSE,FALSE,FALSE,FALSE,0,0,FALSE
C. Patterson,WR,MIN,5,espn,232,0,,,,,,1000,FALSE,FALSE,FALSE,FALSE,FALSE,0,0,FALSE
C. Shorts,WR,HOU,9,espn,233,0,rotoworld,200,wrT8,wr66,,-33,FALSE,TRUE,FALSE,FALSE,FALSE,0,1,TRUE
C. Beasley,WR,DAL,6,espn,234,0,,,,,,1000,FALSE,FALSE,FALSE,FALSE,FALSE,0,0,FALSE
A. Hawkins,WR,CLE,11,espn,236,0,,,,,,1000,FALSE,FALSE,FALSE,FALSE,FALSE,0,0,FALSE
A. Hurns,WR,JAC,8,espn,237,0,,,,,,1000,FALSE,FALSE,FALSE,FALSE,FALSE,0,0,FALSE
G. Jennings,WR,MIA,5,espn,238,0,,,,,,1000,FALSE,FALSE,FALSE,FALSE,FALSE,0,0,FALSE
E. Royal,WR,CHI,7,espn,239,0,rotoworld,140,wrT8,wr55,,-99,FALSE,TRUE,FALSE,FALSE,FALSE,0,1,TRUE
D. Amendola,WR,NE,4,espn,246,0,,,,,,1000,FALSE,FALSE,FALSE,FALSE,FALSE,0,0,FALSE
J. Kearse,WR,SEA,9,espn,253,0,,,,,,1000,FALSE,FALSE,FALSE,FALSE,FALSE,0,0,FALSE
C. Conley,WR,KC,9,espn,262,0,,,,,,1000,FALSE,FALSE,FALSE,FALSE,FALSE,0,0,FALSE
J. Hardy,WR,ATL,10,espn,265,0,,,,,,1000,FALSE,FALSE,FALSE,FALSE,FALSE,0,0,FALSE
J. Wright,WR,MIN,5,espn,267,0,,,,,,1000,FALSE,FALSE,FALSE,FALSE,FALSE,0,0,FALSE
M. Brown,WR,BAL,9,espn,269,0,,,,,,1000,FALSE,FALSE,FALSE,FALSE,FALSE,0,0,FALSE
T. Austin,WR,STL,6,espn,270,0,,,,,,1000,FALSE,FALSE,FALSE,FALSE,FALSE,0,0,FALSE
J. Huff,WR,PHI,8,espn,274,0,,,,,,1000,FALSE,FALSE,FALSE,FALSE,FALSE,0,0,FALSE
R. Woods,WR,BUF,8,espn,275,0,,,,,,1000,FALSE,FALSE,FALSE,FALSE,FALSE,0,0,FALSE
A. Wilson,WR,KC,9,espn,279,0,,,,,,1000,FALSE,FALSE,FALSE,FALSE,FALSE,0,0,FALSE
K. Bell,WR,TB,6,espn,280,0,,,,,,1000,FALSE,FALSE,FALSE,FALSE,FALSE,0,0,FALSE
M. Sanu,WR,CIN,7,espn,282,0,,,,,,1000,FALSE,FALSE,FALSE,FALSE,FALSE,0,0,FALSE
R. Streater,WR,OAK,6,espn,293,0,,,,,,1000,FALSE,FALSE,FALSE,FALSE,FALSE,0,0,FALSE
S. Bailey,WR,STL,6,espn,295,0,,,,,,1000,FALSE,FALSE,FALSE,FALSE,FALSE,0,0,FALSE
R. Cooper,WR,PHI,8,espn,298,0,,,,,,1000,FALSE,FALSE,FALSE,FALSE,FALSE,0,0,FALSE
